comment,sentiment
نوآوری در اشتراک‌گذاری منابع یکی از بهترین ویژگی‌های BrainBridge است، دانشجویان را بسیار راضی نگه می‌دارد.,مثبت
BrainBridge در ادغام با سیستم‌های دانشگاهی موجود فوق‌العاده عمل می‌کند، واقعاً امنیت و کارایی بالایی دارد.,مثبت
نمی‌توانم نوآوری در اشتراک‌گذاری منابع را در BrainBridge تحمل کنم، خیلی پیچیده و غیرکاربردی.,منفی
BrainBridge در ادغام با سیستم‌های دانشگاهی موجود ضعیف است، مشکلات زیادی وجود دارد و نیاز به اصلاح دارد.,منفی
نظر خاصی در مورد سرعت بارگذاری شبکه ندارم، BrainBridge معمولی است.,خنثی
من عاشق سهولت استفاده از اپلیکیشن در BrainBridge هستم، تغییرات مثبتی در دانشگاه تخار ایجاد کرده.,مثبت
BrainBridge برای تعامل دانشجویان در گروه‌ها نیاز به بهبود دارد اما پایه خوبی دارد.,خنثی
متاسفانه امنیت داده‌ها با بلاکچین در BrainBridge ناامیدکننده است، سرعت پایین و باگ‌های مکرر.,منفی
نظر خاصی در مورد قابلیت‌های اجتماعی مانند لایک و کامنت ندارم، BrainBridge معمولی است.,خنثی
BrainBridge برای تاثیر بر یادگیری و آموزش نیاز به بهبود دارد اما پایه خوبی دارد.,خنثی
مدیریت محتوا و فیلترینگ در BrainBridge قابل قبول است اما می‌تواند بهتر شود.,خنثی
با BrainBridge، سازگاری با دستگاه‌های موبایل به سطح جدیدی رسیده و مشکلات قبلی را حل کرده.,مثبت
نمی‌توانم تاثیر بر جامعه دانشگاهی تخار را در BrainBridge تحمل کنم، خیلی پیچیده و غیرکاربردی.,منفی
BrainBridge در هزینه پیاده‌سازی و نگهداری فوق‌العاده عمل می‌کند، واقعاً امنیت و کارایی بالایی دارد.,مثبت
BrainBridge برای پشتیبانی فنی از سوی دانشگاه نیاز به بهبود دارد اما پایه خوبی دارد.,خنثی
BrainBridge در دسترسی آفلاین فوق‌العاده عمل می‌کند، واقعاً امنیت و کارایی بالایی دارد.,مثبت
سهولت استفاده از اپلیکیشن یکی از بهترین ویژگی‌های BrainBridge است، دانشجویان را بسیار راضی نگه می‌دارد.,مثبت
با BrainBridge، نوآوری در اشتراک‌گذاری منابع به سطح جدیدی رسیده و مشکلات قبلی را حل کرده.,مثبت
BrainBridge در مورد سازگاری با دستگاه‌های موبایل متوسط عمل می‌کند، نه عالی نه بد.,خنثی
BrainBridge برای سرعت بارگذاری شبکه نیاز به بهبود دارد اما پایه خوبی دارد.,خنثی
متاسفانه سهولت استفاده از اپلیکیشن در BrainBridge ناامیدکننده است، سرعت پایین و باگ‌های مکرر.,منفی
BrainBridge در تاثیر بر یادگیری و آموزش ضعیف است، مشکلات زیادی وجود دارد و نیاز به اصلاح دارد.,منفی
من عاشق پایداری و مقیاس‌پذیری در BrainBridge هستم، تغییرات مثبتی در دانشگاه تخار ایجاد کرده.,مثبت
من عاشق تاثیر بر یادگیری و آموزش در BrainBridge هستم، تغییرات مثبتی در دانشگاه تخار ایجاد کرده.,مثبت
متاسفانه مدیریت محتوا و فیلترینگ در BrainBridge ناامیدکننده است، سرعت پایین و باگ‌های مکرر.,منفی
BrainBridge در مشکلات فنی و باگ‌ها فوق‌العاده عمل می‌کند، واقعاً امنیت و کارایی بالایی دارد.,مثبت
BrainBridge باعث شده پایداری و مقیاس‌پذیری بدتر شود، دانشگاه تخار باید فکر دیگری کند.,منفی
نظر خاصی در مورد امنیت در برابر هک ندارم، BrainBridge معمولی است.,خنثی
نظر خاصی در مورد امنیت در برابر هک ندارم، BrainBridge معمولی است.,خنثی
با BrainBridge، پشتیبانی فنی از سوی دانشگاه به سطح جدیدی رسیده و مشکلات قبلی را حل کرده.,مثبت
نظر خاصی در مورد مشکلات فنی و باگ‌ها ندارم، BrainBridge معمولی است.,خنثی
تجربه کاربری (UX/UI) یکی از بهترین ویژگی‌های BrainBridge است، دانشجویان را بسیار راضی نگه می‌دارد.,مثبت
BrainBridge در حریم خصوصی کاربران فوق‌العاده عمل می‌کند، واقعاً امنیت و کارایی بالایی دارد.,مثبت
BrainBridge در تاثیر بر یادگیری و آموزش ضعیف است، مشکلات زیادی وجود دارد و نیاز به اصلاح دارد.,منفی
با BrainBridge، نوآوری در اشتراک‌گذاری منابع به سطح جدیدی رسیده و مشکلات قبلی را حل کرده.,مثبت
نظر خاصی در مورد سهولت استفاده از اپلیکیشن ندارم، BrainBridge معمولی است.,خنثی
با BrainBridge، هزینه پیاده‌سازی و نگهداری به سطح جدیدی رسیده و مشکلات قبلی را حل کرده.,مثبت
BrainBridge در حریم خصوصی کاربران ضعیف است، مشکلات زیادی وجود دارد و نیاز به اصلاح دارد.,منفی
BrainBridge در سازگاری با دستگاه‌های موبایل فوق‌العاده عمل می‌کند، واقعاً امنیت و کارایی بالایی دارد.,مثبت
نمی‌توانم هزینه پیاده‌سازی و نگهداری را در BrainBridge تحمل کنم، خیلی پیچیده و غیرکاربردی.,منفی
BrainBridge در دسترسی آفلاین ضعیف است، مشکلات زیادی وجود دارد و نیاز به اصلاح دارد.,منفی
متاسفانه سازگاری با دستگاه‌های موبایل در BrainBridge ناامیدکننده است، سرعت پایین و باگ‌های مکرر.,منفی
BrainBridge برای امنیت در برابر هک نیاز به بهبود دارد اما پایه خوبی دارد.,خنثی
BrainBridge در نوآوری در اشتراک‌گذاری منابع ضعیف است، مشکلات زیادی وجود دارد و نیاز به اصلاح دارد.,منفی
سرعت بارگذاری شبکه یکی از بهترین ویژگی‌های BrainBridge است، دانشجویان را بسیار راضی نگه می‌دارد.,مثبت
نمی‌توانم نوآوری در اشتراک‌گذاری منابع را در BrainBridge تحمل کنم، خیلی پیچیده و غیرکاربردی.,منفی
سرعت بارگذاری شبکه یکی از بهترین ویژگی‌های BrainBridge است، دانشجویان را بسیار راضی نگه می‌دارد.,مثبت
تجربه کاربری (UX/UI) در BrainBridge قابل قبول است اما می‌تواند بهتر شود.,خنثی
BrainBridge در تاثیر بر یادگیری و آموزش فوق‌العاده عمل می‌کند، واقعاً امنیت و کارایی بالایی دارد.,مثبت
BrainBridge باعث شده تعامل دانشجویان در گروه‌ها بدتر شود، دانشگاه تخار باید فکر دیگری کند.,منفی
متاسفانه قابلیت‌های اجتماعی مانند لایک و کامنت در BrainBridge ناامیدکننده است، سرعت پایین و باگ‌های مکرر.,منفی
نمی‌توانم ادغام با سیستم‌های دانشگاهی موجود را در BrainBridge تحمل کنم، خیلی پیچیده و غیرکاربردی.,منفی
BrainBridge در نوآوری در اشتراک‌گذاری منابع فوق‌العاده عمل می‌کند، واقعاً امنیت و کارایی بالایی دارد.,مثبت
نمی‌توانم تاثیر بر جامعه دانشگاهی تخار را در BrainBridge تحمل کنم، خیلی پیچیده و غیرکاربردی.,منفی
نظر خاصی در مورد نوآوری در اشتراک‌گذاری منابع ندارم، BrainBridge معمولی است.,خنثی
BrainBridge در پشتیبانی فنی از سوی دانشگاه ضعیف است، مشکلات زیادی وجود دارد و نیاز به اصلاح دارد.,منفی
BrainBridge برای تجربه کاربری (UX/UI) نیاز به بهبود دارد اما پایه خوبی دارد.,خنثی
BrainBridge برای سازگاری با دستگاه‌های موبایل نیاز به بهبود دارد اما پایه خوبی دارد.,خنثی
متاسفانه پشتیبانی فنی از سوی دانشگاه در BrainBridge ناامیدکننده است، سرعت پایین و باگ‌های مکرر.,منفی
BrainBridge برای همکاری بین‌المللی با دانشگاه‌ها نیاز به بهبود دارد اما پایه خوبی دارد.,خنثی
BrainBridge در نوآوری در اشتراک‌گذاری منابع ضعیف است، مشکلات زیادی وجود دارد و نیاز به اصلاح دارد.,منفی
BrainBridge در مورد هزینه پیاده‌سازی و نگهداری متوسط عمل می‌کند، نه عالی نه بد.,خنثی
با BrainBridge، همکاری بین‌المللی با دانشگاه‌ها به سطح جدیدی رسیده و مشکلات قبلی را حل کرده.,مثبت
BrainBridge در هزینه پیاده‌سازی و نگهداری ضعیف است، مشکلات زیادی وجود دارد و نیاز به اصلاح دارد.,منفی
BrainBridge در تجربه کاربری (UX/UI) فوق‌العاده عمل می‌کند، واقعاً امنیت و کارایی بالایی دارد.,مثبت
متاسفانه قابلیت‌های اجتماعی مانند لایک و کامنت در BrainBridge ناامیدکننده است، سرعت پایین و باگ‌های مکرر.,منفی
BrainBridge برای سرعت بارگذاری شبکه نیاز به بهبود دارد اما پایه خوبی دارد.,خنثی
با BrainBridge، همکاری بین‌المللی با دانشگاه‌ها به سطح جدیدی رسیده و مشکلات قبلی را حل کرده.,مثبت
من عاشق هزینه پیاده‌سازی و نگهداری در BrainBridge هستم، تغییرات مثبتی در دانشگاه تخار ایجاد کرده.,مثبت
با BrainBridge، ادغام با سیستم‌های دانشگاهی موجود به سطح جدیدی رسیده و مشکلات قبلی را حل کرده.,مثبت
نظر خاصی در مورد امنیت داده‌ها با بلاکچین ندارم، BrainBridge معمولی است.,خنثی
تعامل دانشجویان در گروه‌ها یکی از بهترین ویژگی‌های BrainBridge است، دانشجویان را بسیار راضی نگه می‌دارد.,مثبت
BrainBridge باعث شده تاثیر بر جامعه دانشگاهی تخار بدتر شود، دانشگاه تخار باید فکر دیگری کند.,منفی
تجربه کاربری (UX/UI) یکی از بهترین ویژگی‌های BrainBridge است، دانشجویان را بسیار راضی نگه می‌دارد.,مثبت
نمی‌توانم تجربه کاربری (UX/UI) را در BrainBridge تحمل کنم، خیلی پیچیده و غیرکاربردی.,منفی
با BrainBridge، تاثیر بر جامعه دانشگاهی تخار به سطح جدیدی رسیده و مشکلات قبلی را حل کرده.,مثبت
BrainBridge در نوآوری در اشتراک‌گذاری منابع فوق‌العاده عمل می‌کند، واقعاً امنیت و کارایی بالایی دارد.,مثبت
BrainBridge در ادغام با سیستم‌های دانشگاهی موجود ضعیف است، مشکلات زیادی وجود دارد و نیاز به اصلاح دارد.,منفی
من عاشق پایداری و مقیاس‌پذیری در BrainBridge هستم، تغییرات مثبتی در دانشگاه تخار ایجاد کرده.,مثبت
BrainBridge برای تاثیر بر یادگیری و آموزش نیاز به بهبود دارد اما پایه خوبی دارد.,خنثی
BrainBridge در مدیریت محتوا و فیلترینگ فوق‌العاده عمل می‌کند، واقعاً امنیت و کارایی بالایی دارد.,مثبت
متاسفانه تاثیر بر جامعه دانشگاهی تخار در BrainBridge ناامیدکننده است، سرعت پایین و باگ‌های مکرر.,منفی
BrainBridge برای امنیت داده‌ها با بلاکچین نیاز به بهبود دارد اما پایه خوبی دارد.,خنثی
هزینه پیاده‌سازی و نگهداری یکی از بهترین ویژگی‌های BrainBridge است، دانشجویان را بسیار راضی نگه می‌دارد.,مثبت
نظر خاصی در مورد پشتیبانی فنی از سوی دانشگاه ندارم، BrainBridge معمولی است.,خنثی
با BrainBridge، مدیریت محتوا و فیلترینگ به سطح جدیدی رسیده و مشکلات قبلی را حل کرده.,مثبت
امنیت داده‌ها با بلاکچین یکی از بهترین ویژگی‌های BrainBridge است، دانشجویان را بسیار راضی نگه می‌دارد.,مثبت
همکاری بین‌المللی با دانشگاه‌ها در BrainBridge قابل قبول است اما می‌تواند بهتر شود.,خنثی
مشکلات فنی و باگ‌ها یکی از بهترین ویژگی‌های BrainBridge است، دانشجویان را بسیار راضی نگه می‌دارد.,مثبت
نظر خاصی در مورد مدیریت محتوا و فیلترینگ ندارم، BrainBridge معمولی است.,خنثی
پایداری و مقیاس‌پذیری در BrainBridge قابل قبول است اما می‌تواند بهتر شود.,خنثی
با BrainBridge، سهولت استفاده از اپلیکیشن به سطح جدیدی رسیده و مشکلات قبلی را حل کرده.,مثبت
BrainBridge برای پشتیبانی فنی از سوی دانشگاه نیاز به بهبود دارد اما پایه خوبی دارد.,خنثی
BrainBridge باعث شده امنیت داده‌ها با بلاکچین بدتر شود، دانشگاه تخار باید فکر دیگری کند.,منفی
BrainBridge باعث شده تاثیر بر جامعه دانشگاهی تخار بدتر شود، دانشگاه تخار باید فکر دیگری کند.,منفی
با BrainBridge، نوآوری در اشتراک‌گذاری منابع به سطح جدیدی رسیده و مشکلات قبلی را حل کرده.,مثبت
نمی‌توانم امنیت داده‌ها با بلاکچین را در BrainBridge تحمل کنم، خیلی پیچیده و غیرکاربردی.,منفی
من عاشق تجربه کاربری (UX/UI) در BrainBridge هستم، تغییرات مثبتی در دانشگاه تخار ایجاد کرده.,مثبت
متاسفانه دسترسی آفلاین در BrainBridge ناامیدکننده است، سرعت پایین و باگ‌های مکرر.,منفی
BrainBridge باعث شده امنیت در برابر هک بدتر شود، دانشگاه تخار باید فکر دیگری کند.,منفی
BrainBridge در سهولت استفاده از اپلیکیشن ضعیف است، مشکلات زیادی وجود دارد و نیاز به اصلاح دارد.,منفی
BrainBridge در سازگاری با دستگاه‌های موبایل ضعیف است، مشکلات زیادی وجود دارد و نیاز به اصلاح دارد.,منفی
نظر خاصی در مورد مدیریت محتوا و فیلترینگ ندارم، BrainBridge معمولی است.,خنثی
BrainBridge برای همکاری بین‌المللی با دانشگاه‌ها نیاز به بهبود دارد اما پایه خوبی دارد.,خنثی
دسترسی آفلاین یکی از بهترین ویژگی‌های BrainBridge است، دانشجویان را بسیار راضی نگه می‌دارد.,مثبت
BrainBridge در پشتیبانی فنی از سوی دانشگاه فوق‌العاده عمل می‌کند، واقعاً امنیت و کارایی بالایی دارد.,مثبت
نمی‌توانم همکاری بین‌المللی با دانشگاه‌ها را در BrainBridge تحمل کنم، خیلی پیچیده و غیرکاربردی.,منفی
با BrainBridge، حریم خصوصی کاربران به سطح جدیدی رسیده و مشکلات قبلی را حل کرده.,مثبت
BrainBridge باعث شده امنیت داده‌ها با بلاکچین بدتر شود، دانشگاه تخار باید فکر دیگری کند.,منفی
نمی‌توانم پایداری و مقیاس‌پذیری را در BrainBridge تحمل کنم، خیلی پیچیده و غیرکاربردی.,منفی
BrainBridge باعث شده حریم خصوصی کاربران بدتر شود، دانشگاه تخار باید فکر دیگری کند.,منفی
من عاشق پایداری و مقیاس‌پذیری در BrainBridge هستم، تغییرات مثبتی در دانشگاه تخار ایجاد کرده.,مثبت
سهولت استفاده از اپلیکیشن در BrainBridge قابل قبول است اما می‌تواند بهتر شود.,خنثی
BrainBridge باعث شده سهولت استفاده از اپلیکیشن بدتر شود، دانشگاه تخار باید فکر دیگری کند.,منفی
امنیت داده‌ها با بلاکچین در BrainBridge قابل قبول است اما می‌تواند بهتر شود.,خنثی
متاسفانه مدیریت محتوا و فیلترینگ در BrainBridge ناامیدکننده است، سرعت پایین و باگ‌های مکرر.,منفی
BrainBridge برای حریم خصوصی کاربران نیاز به بهبود دارد اما پایه خوبی دارد.,خنثی
نظر خاصی در مورد امنیت در برابر هک ندارم، BrainBridge معمولی است.,خنثی
BrainBridge در سرعت بارگذاری شبکه فوق‌العاده عمل می‌کند، واقعاً امنیت و کارایی بالایی دارد.,مثبت
با BrainBridge، مشکلات فنی و باگ‌ها به سطح جدیدی رسیده و مشکلات قبلی را حل کرده.,مثبت
دسترسی آفلاین یکی از بهترین ویژگی‌های BrainBridge است، دانشجویان را بسیار راضی نگه می‌دارد.,مثبت
متاسفانه سازگاری با دستگاه‌های موبایل در BrainBridge ناامیدکننده است، سرعت پایین و باگ‌های مکرر.,منفی
نمی‌توانم تجربه کاربری (UX/UI) را در BrainBridge تحمل کنم، خیلی پیچیده و غیرکاربردی.,منفی
همکاری بین‌المللی با دانشگاه‌ها در BrainBridge قابل قبول است اما می‌تواند بهتر شود.,خنثی
BrainBridge باعث شده سازگاری با دستگاه‌های موبایل بدتر شود، دانشگاه تخار باید فکر دیگری کند.,منفی
BrainBridge در هزینه پیاده‌سازی و نگهداری ضعیف است، مشکلات زیادی وجود دارد و نیاز به اصلاح دارد.,منفی
قابلیت‌های اجتماعی مانند لایک و کامنت یکی از بهترین ویژگی‌های BrainBridge است، دانشجویان را بسیار راضی نگه می‌دارد.,مثبت
با BrainBridge، سرعت بارگذاری شبکه به سطح جدیدی رسیده و مشکلات قبلی را حل کرده.,مثبت
نمی‌توانم تاثیر بر جامعه دانشگاهی تخار را در BrainBridge تحمل کنم، خیلی پیچیده و غیرکاربردی.,منفی
BrainBridge در مشکلات فنی و باگ‌ها فوق‌العاده عمل می‌کند، واقعاً امنیت و کارایی بالایی دارد.,مثبت
متاسفانه پایداری و مقیاس‌پذیری در BrainBridge ناامیدکننده است، سرعت پایین و باگ‌های مکرر.,منفی
تجربه کاربری (UX/UI) یکی از بهترین ویژگی‌های BrainBridge است، دانشجویان را بسیار راضی نگه می‌دارد.,مثبت
نمی‌توانم تجربه کاربری (UX/UI) را در BrainBridge تحمل کنم، خیلی پیچیده و غیرکاربردی.,منفی
هزینه پیاده‌سازی و نگهداری در BrainBridge قابل قبول است اما می‌تواند بهتر شود.,خنثی
BrainBridge در پشتیبانی فنی از سوی دانشگاه فوق‌العاده عمل می‌کند، واقعاً امنیت و کارایی بالایی دارد.,مثبت
BrainBridge باعث شده امنیت داده‌ها با بلاکچین بدتر شود، دانشگاه تخار باید فکر دیگری کند.,منفی
BrainBridge در مورد مدیریت محتوا و فیلترینگ متوسط عمل می‌کند، نه عالی نه بد.,خنثی
امنیت داده‌ها با بلاکچین یکی از بهترین ویژگی‌های BrainBridge است، دانشجویان را بسیار راضی نگه می‌دارد.,مثبت
هزینه پیاده‌سازی و نگهداری یکی از بهترین ویژگی‌های BrainBridge است، دانشجویان را بسیار راضی نگه می‌دارد.,مثبت
BrainBridge برای حریم خصوصی کاربران نیاز به بهبود دارد اما پایه خوبی دارد.,خنثی
BrainBridge در تجربه کاربری (UX/UI) فوق‌العاده عمل می‌کند، واقعاً امنیت و کارایی بالایی دارد.,مثبت
نظر خاصی در مورد دسترسی آفلاین ندارم، BrainBridge معمولی است.,خنثی
متاسفانه همکاری بین‌المللی با دانشگاه‌ها در BrainBridge ناامیدکننده است، سرعت پایین و باگ‌های مکرر.,منفی
BrainBridge برای تاثیر بر جامعه دانشگاهی تخار نیاز به بهبود دارد اما پایه خوبی دارد.,خنثی
با BrainBridge، مدیریت محتوا و فیلترینگ به سطح جدیدی رسیده و مشکلات قبلی را حل کرده.,مثبت
BrainBridge در امنیت داده‌ها با بلاکچین ضعیف است، مشکلات زیادی وجود دارد و نیاز به اصلاح دارد.,منفی
با BrainBridge، تاثیر بر یادگیری و آموزش به سطح جدیدی رسیده و مشکلات قبلی را حل کرده.,مثبت
سهولت استفاده از اپلیکیشن در BrainBridge قابل قبول است اما می‌تواند بهتر شود.,خنثی
BrainBridge در تجربه کاربری (UX/UI) ضعیف است، مشکلات زیادی وجود دارد و نیاز به اصلاح دارد.,منفی
با BrainBridge، هزینه پیاده‌سازی و نگهداری به سطح جدیدی رسیده و مشکلات قبلی را حل کرده.,مثبت
BrainBridge در مدیریت محتوا و فیلترینگ فوق‌العاده عمل می‌کند، واقعاً امنیت و کارایی بالایی دارد.,مثبت
متاسفانه تاثیر بر جامعه دانشگاهی تخار در BrainBridge ناامیدکننده است، سرعت پایین و باگ‌های مکرر.,منفی
BrainBridge در حریم خصوصی کاربران فوق‌العاده عمل می‌کند، واقعاً امنیت و کارایی بالایی دارد.,مثبت
با BrainBridge، تجربه کاربری (UX/UI) به سطح جدیدی رسیده و مشکلات قبلی را حل کرده.,مثبت
با BrainBridge، حریم خصوصی کاربران به سطح جدیدی رسیده و مشکلات قبلی را حل کرده.,مثبت
BrainBridge در مورد تاثیر بر یادگیری و آموزش متوسط عمل می‌کند، نه عالی نه بد.,خنثی
امنیت در برابر هک در BrainBridge قابل قبول است اما می‌تواند بهتر شود.,خنثی
سهولت استفاده از اپلیکیشن در BrainBridge قابل قبول است اما می‌تواند بهتر شود.,خنثی
متاسفانه حریم خصوصی کاربران در BrainBridge ناامیدکننده است، سرعت پایین و باگ‌های مکرر.,منفی
متاسفانه مشکلات فنی و باگ‌ها در BrainBridge ناامیدکننده است، سرعت پایین و باگ‌های مکرر.,منفی
نظر خاصی در مورد سهولت استفاده از اپلیکیشن ندارم، BrainBridge معمولی است.,خنثی
من عاشق سرعت بارگذاری شبکه در BrainBridge هستم، تغییرات مثبتی در دانشگاه تخار ایجاد کرده.,مثبت
با BrainBridge، امنیت در برابر هک به سطح جدیدی رسیده و مشکلات قبلی را حل کرده.,مثبت
BrainBridge در سرعت بارگذاری شبکه ضعیف است، مشکلات زیادی وجود دارد و نیاز به اصلاح دارد.,منفی
BrainBridge در مورد سرعت بارگذاری شبکه متوسط عمل می‌کند، نه عالی نه بد.,خنثی
با BrainBridge، حریم خصوصی کاربران به سطح جدیدی رسیده و مشکلات قبلی را حل کرده.,مثبت
نمی‌توانم سرعت بارگذاری شبکه را در BrainBridge تحمل کنم، خیلی پیچیده و غیرکاربردی.,منفی
نظر خاصی در مورد هزینه پیاده‌سازی و نگهداری ندارم، BrainBridge معمولی است.,خنثی
امنیت در برابر هک یکی از بهترین ویژگی‌های BrainBridge است، دانشجویان را بسیار راضی نگه می‌دارد.,مثبت
BrainBridge در پشتیبانی فنی از سوی دانشگاه ضعیف است، مشکلات زیادی وجود دارد و نیاز به اصلاح دارد.,منفی
من عاشق تاثیر بر جامعه دانشگاهی تخار در BrainBridge هستم، تغییرات مثبتی در دانشگاه تخار ایجاد کرده.,مثبت
BrainBridge در امنیت در برابر هک فوق‌العاده عمل می‌کند، واقعاً امنیت و کارایی بالایی دارد.,مثبت
BrainBridge در مورد سرعت بارگذاری شبکه متوسط عمل می‌کند، نه عالی نه بد.,خنثی
نظر خاصی در مورد تجربه کاربری (UX/UI) ندارم، BrainBridge معمولی است.,خنثی
با BrainBridge، دسترسی آفلاین به سطح جدیدی رسیده و مشکلات قبلی را حل کرده.,مثبت
BrainBridge باعث شده تجربه کاربری (UX/UI) بدتر شود، دانشگاه تخار باید فکر دیگری کند.,منفی
BrainBridge در مورد هزینه پیاده‌سازی و نگهداری متوسط عمل می‌کند، نه عالی نه بد.,خنثی
با BrainBridge، تاثیر بر جامعه دانشگاهی تخار به سطح جدیدی رسیده و مشکلات قبلی را حل کرده.,مثبت
BrainBridge در مدیریت محتوا و فیلترینگ فوق‌العاده عمل می‌کند، واقعاً امنیت و کارایی بالایی دارد.,مثبت
من عاشق تاثیر بر یادگیری و آموزش در BrainBridge هستم، تغییرات مثبتی در دانشگاه تخار ایجاد کرده.,مثبت
BrainBridge در هزینه پیاده‌سازی و نگهداری فوق‌العاده عمل می‌کند، واقعاً امنیت و کارایی بالایی دارد.,مثبت
ادغام با سیستم‌های دانشگاهی موجود یکی از بهترین ویژگی‌های BrainBridge است، دانشجویان را بسیار راضی نگه می‌دارد.,مثبت
من عاشق قابلیت‌های اجتماعی مانند لایک و کامنت در BrainBridge هستم، تغییرات مثبتی در دانشگاه تخار ایجاد کرده.,مثبت
من عاشق قابلیت‌های اجتماعی مانند لایک و کامنت در BrainBridge هستم، تغییرات مثبتی در دانشگاه تخار ایجاد کرده.,مثبت
BrainBridge باعث شده نوآوری در اشتراک‌گذاری منابع بدتر شود، دانشگاه تخار باید فکر دیگری کند.,منفی
نمی‌توانم تاثیر بر یادگیری و آموزش را در BrainBridge تحمل کنم، خیلی پیچیده و غیرکاربردی.,منفی
BrainBridge در مورد سهولت استفاده از اپلیکیشن متوسط عمل می‌کند، نه عالی نه بد.,خنثی
با BrainBridge، تعامل دانشجویان در گروه‌ها به سطح جدیدی رسیده و مشکلات قبلی را حل کرده.,مثبت
BrainBridge باعث شده امنیت در برابر هک بدتر شود، دانشگاه تخار باید فکر دیگری کند.,منفی
BrainBridge در همکاری بین‌المللی با دانشگاه‌ها فوق‌العاده عمل می‌کند، واقعاً امنیت و کارایی بالایی دارد.,مثبت
من عاشق امنیت در برابر هک در BrainBridge هستم، تغییرات مثبتی در دانشگاه تخار ایجاد کرده.,مثبت
من عاشق تجربه کاربری (UX/UI) در BrainBridge هستم، تغییرات مثبتی در دانشگاه تخار ایجاد کرده.,مثبت
متاسفانه نوآوری در اشتراک‌گذاری منابع در BrainBridge ناامیدکننده است، سرعت پایین و باگ‌های مکرر.,منفی
نظر خاصی در مورد تجربه کاربری (UX/UI) ندارم، BrainBridge معمولی است.,خنثی
BrainBridge برای امنیت در برابر هک نیاز به بهبود دارد اما پایه خوبی دارد.,خنثی
BrainBridge در مورد تاثیر بر جامعه دانشگاهی تخار متوسط عمل می‌کند، نه عالی نه بد.,خنثی
پشتیبانی فنی از سوی دانشگاه یکی از بهترین ویژگی‌های BrainBridge است، دانشجویان را بسیار راضی نگه می‌دارد.,مثبت
BrainBridge در مورد امنیت در برابر هک متوسط عمل می‌کند، نه عالی نه بد.,خنثی
BrainBridge در مورد همکاری بین‌المللی با دانشگاه‌ها متوسط عمل می‌کند، نه عالی نه بد.,خنثی
متاسفانه تعامل دانشجویان در گروه‌ها در BrainBridge ناامیدکننده است، سرعت پایین و باگ‌های مکرر.,منفی